,menu_id,food_name
0,1,"The Hunger Games (The Hunger Games, #1)"
1,2,"Harry Potter and the Sorcerer's Stone (Harry Potter, #1)"
2,3,"Twilight (Twilight, #1)"
3,4,To Kill a Mockingbird
4,5,The Great Gatsby
5,6,The Fault in Our Stars
6,7,The Hobbit
7,8,The Catcher in the Rye
8,9,"Angels & Demons  (Robert Langdon, #1)"
9,10,Pride and Prejudice
10,11,The Kite Runner
11,12,"Divergent (Divergent, #1)"
12,13,1984
13,14,Animal Farm
14,15,The Diary of a Young Girl
15,16,"The Girl with the Dragon Tattoo (Millennium, #1)"
16,17,"Catching Fire (The Hunger Games, #2)"
17,18,"Harry Potter and the Prisoner of Azkaban (Harry Potter, #3)"
18,19,"The Fellowship of the Ring (The Lord of the Rings, #1)"
19,20,"Mockingjay (The Hunger Games, #3)"
20,21,"Harry Potter and the Order of the Phoenix (Harry Potter, #5)"
21,22,The Lovely Bones
22,23,"Harry Potter and the Chamber of Secrets (Harry Potter, #2)"
23,24,"Harry Potter and the Goblet of Fire (Harry Potter, #4)"
24,25,"Harry Potter and the Deathly Hallows (Harry Potter, #7)"
25,26,"The Da Vinci Code (Robert Langdon, #2)"
26,27,"Harry Potter and the Half-Blood Prince (Harry Potter, #6)"
27,28,Lord of the Flies
28,29,Romeo and Juliet
29,30,Gone Girl
30,31,The Help
31,32,Of Mice and Men
32,33,Memoirs of a Geisha
33,34,"Fifty Shades of Grey (Fifty Shades, #1)"
34,35,The Alchemist
35,36,"The Giver (The Giver, #1)"
36,37,"The Lion, the Witch, and the Wardrobe (Chronicles of Narnia, #1)"
37,38,The Time Traveler's Wife
38,39,"A Game of Thrones (A Song of Ice and Fire, #1)"
39,40,"Eat, Pray, Love"
40,41,"The Lightning Thief (Percy Jackson and the Olympians, #1)"
41,42,"Little Women (Little Women, #1)"
42,43,Jane Eyre
43,44,"The Notebook (The Notebook, #1)"
44,45,Life of Pi
45,46,Water for Elephants
46,47,The Book Thief
47,48,Fahrenheit 451
48,49,"New Moon (Twilight, #2)"
49,50,Where the Sidewalk Ends
50,51,"City of Bones (The Mortal Instruments, #1)"
51,52,"Eclipse (Twilight, #3)"
52,53,"Eragon (The Inheritance Cycle, #1)"
53,54,"The Hitchhiker's Guide to the Galaxy (Hitchhiker's Guide to the Galaxy, #1)"
54,55,Brave New World
55,56,"Breaking Dawn (Twilight, #4)"
56,57,The Secret Life of Bees
57,58,The Adventures of Huckleberry Finn
58,59,Charlotte's Web
59,60,The Curious Incident of the Dog in the Night-Time
60,61,The Girl on the Train
61,62,"The Golden Compass (His Dark Materials, #1)"
62,63,Wuthering Heights
63,64,My Sister's Keeper
64,65,Slaughterhouse-Five
65,66,Gone with the Wind
66,67,A Thousand Splendid Suns
67,68,The Perks of Being a Wallflower
68,69,"Insurgent (Divergent, #2)"
69,70,"Ender's Game (Ender's Saga, #1)"
70,71,Frankenstein
71,72,The Shining (The Shining #1)
72,73,"The Host (The Host, #1)"
73,74,Looking for Alaska
74,75,"Bridget Jones's Diary (Bridget Jones, #1)"
75,76,Sense and Sensibility
76,77,"Holes (Holes, #1)"
77,78,"The Devil Wears Prada (The Devil Wears Prada, #1)"
78,79,The Odyssey
79,80,The Little Prince
80,81,The Glass Castle
81,82,Into the Wild
82,83,A Tale of Two Cities
83,84,"Jurassic Park (Jurassic Park, #1)"
84,85,The Giving Tree
85,86,A Time to Kill
86,87,Night (The Night Trilogy #1)
87,88,Paper Towns
88,89,The Princess Bride 
89,90,The Outsiders
90,91,"The Maze Runner (Maze Runner, #1)"
91,92,"Freakonomics: A Rogue Economist Explores the Hidden Side of Everything (Freakonomics, #1)"
92,93,The Secret Garden
93,94,One Hundred Years of Solitude
94,95,The Picture of Dorian Gray
95,96,"Fifty Shades Freed (Fifty Shades, #3)"
96,97,Dracula
97,98,"The Girl Who Played with Fire (Millennium, #2)"
98,99,"Fifty Shades Darker (Fifty Shades, #2)"
99,100,The Poisonwood Bible
100,101,Me Talk Pretty One Day
101,102,Where the Wild Things Are
102,103,The Count of Monte Cristo
103,104,The Road
104,105,"Allegiant (Divergent, #3)"
105,106,Bossypants
106,107,A Walk to Remember
107,108,"Confessions of a Shopaholic (Shopaholic, #1)"
108,109,Les Misérables
109,110,"A Clash of Kings  (A Song of Ice and Fire, #2)"
110,111,The Memory Keeper's Daughter
111,112,"Me Before You (Me Before You, #1)"
112,113,Catch-22
113,114,Tuesdays with Morrie
114,115,Middlesex
115,116,The Adventures of Tom Sawyer
116,117,"A Wrinkle in Time (A Wrinkle in Time Quintet, #1)"
117,118,The Joy Luck Club
118,119,The Handmaid's Tale
119,120,"The Sisterhood of the Traveling Pants (Sisterhood, #1)"
120,121,Lolita
121,122,"Wicked: The Life and Times of the Wicked Witch of the West (The Wicked Years, #1)"
122,123,"The Firm (Penguin Readers, Level 5)"
123,124,Room
124,125,Hamlet
125,126,Dune (Dune Chronicles #1)
126,127,The Tipping Point: How Little Things Can Make a Big Difference
127,128,Steve Jobs
128,129,One Flew Over the Cuckoo's Nest
129,130,The Old Man and the Sea
130,131,The Grapes of Wrath
131,132,The Five People You Meet in Heaven
132,133,"Anne of Green Gables (Anne of Green Gables, #1)"
133,134,"City of Glass (The Mortal Instruments, #3)"
134,135,"A Storm of Swords (A Song of Ice and Fire, #3)"
135,136,Divine Secrets of the Ya-Ya Sisterhood
136,137,"Outlander (Outlander, #1)"
137,138,The Scarlet Letter
138,139,"Miss Peregrine’s Home for Peculiar Children (Miss Peregrine’s Peculiar Children, #1)"
139,140,"The Girl Who Kicked the Hornet's Nest (Millennium, #3)"
140,141,The Martian
141,142,"The Pillars of the Earth (The Kingsbridge Series, #1)"
142,143,All the Light We Cannot See
143,144,"Unbroken: A World War II Story of Survival, Resilience, and Redemption"
144,145,Deception Point
145,146,The Goldfinch
146,147,Thirteen Reasons Why
147,148,Girl with a Pearl Earring
148,149,"If I Stay (If I Stay, #1)"
149,150,The Red Tent
150,151,"The Sea of Monsters (Percy Jackson and the Olympians, #2)"
151,152,Dear John
152,153,"City of Ashes (The Mortal Instruments, #2)"
153,154,Macbeth
154,155,"The Two Towers (The Lord of the Rings, #2)"
155,156,"Something Borrowed (Darcy & Rachel, #1)"
156,157,Green Eggs and Ham
157,158,"Charlie and the Chocolate Factory (Charlie Bucket, #1)"
158,159,"The Battle of the Labyrinth (Percy Jackson and the Olympians, #4)"
159,160,Great Expectations
160,161,"The Return of the King (The Lord of the Rings, #3)"
161,162,The Stranger
162,163,"The Lost Hero (The Heroes of Olympus, #1)"
163,164,Eleanor & Park
164,165,"A Feast for Crows (A Song of Ice and Fire, #4)"
165,166,"Matched (Matched, #1)"
166,167,"American Gods (American Gods, #1)"
167,168,The Stand
168,169,The Last Song
169,170,Digital Fortress
170,171,Emma
171,172,Anna Karenina
172,173,A Clockwork Orange
173,174,The Shack
174,175,"The Last Olympian (Percy Jackson and the Olympians, #5)"
175,176,It
176,177,Crime and Punishment
177,178,The Bell Jar
178,179,"Angela's Ashes (Frank McCourt, #1)"
179,180,Siddhartha
180,181,In Cold Blood
181,182,"Beautiful Creatures (Caster Chronicles, #1)"
182,183,"Clockwork Angel (The Infernal Devices, #1)"
183,184,Matilda
184,185,The Night Circus
185,186,"The Other Boleyn Girl (The Plantagenet and Tudor Novels, #9)"
186,187,"Uglies (Uglies, #1)"
187,188,"A Dance with Dragons (A Song of Ice and Fire, #5)"
188,189,"The Lord of the Rings (The Lord of the Rings, #1-3)"
189,190,Wild: From Lost to Found on the Pacific Crest Trail
190,191,Watchmen
191,192,"The Name of the Wind (The Kingkiller Chronicle, #1)"
192,193,Outliers: The Story of Success
193,194,"Moby-Dick or, The Whale"
194,195,The Guernsey Literary and Potato Peel Pie Society
195,196,Fight Club
196,197,"Dead Until Dark (Sookie Stackhouse, #1)"
197,198,The Color Purple
198,199,Marley and Me: Life and Love With the World's Worst Dog
199,200,And Then There Were None
200,201,"The Lost Symbol (Robert Langdon, #3)"
201,202,"Hush, Hush (Hush, Hush, #1)"
202,203,"Beautiful Disaster (Beautiful, #1)"
203,204,A Christmas Carol
204,205,"Interview with the Vampire (The Vampire Chronicles, #1)"
205,206,"The Selection (The Selection, #1)"
206,207,"One for the Money (Stephanie Plum, #1)"
207,208,The Immortal Life of Henrietta Lacks
208,209,"The Silence of the Lambs  (Hannibal Lecter, #2)"
209,210,"Vampire Academy (Vampire Academy, #1)"
210,211,Blink: The Power of Thinking Without Thinking
211,212,Atonement
212,213,The Metamorphosis
213,214,"The Titan's Curse (Percy Jackson and the Olympians, #3)"
214,215,Ready Player One
215,216,The Art of Racing in the Rain
216,217,"The Devil in the White City: Murder, Magic, and Madness at the Fair That Changed America"
217,218,"Bared to You (Crossfire, #1)"
218,219,"The Chronicles of Narnia (Chronicles of Narnia, #1-7)"
219,220,Twilight: The Complete Illustrated Movie Companion
220,221,"A Child Called ""It"" (Dave Pelzer #1)"
221,222,"The Bourne Identity (Jason Bourne, #1)"
222,223,"Artemis Fowl (Artemis Fowl, #1)"
223,224,"Fallen (Fallen, #1)"
224,225,East of Eden
225,226,Dark Places
226,227,The Client
227,228,"The Nanny Diaries (Nanny, #1)"
228,229,Alice's Adventures in Wonderland & Through the Looking-Glass
229,230,Persuasion
230,231,Sarah's Key
231,232,"The Gunslinger (The Dark Tower, #1)"
232,233,Love in the Time of Cholera
233,234,Speak
234,235,The Husband's Secret
235,236,Into Thin Air: A Personal Account of the Mount Everest Disaster
236,237,Carrie
237,238,Running with Scissors
238,239,World War Z: An Oral History of the Zombie War
239,240,"Inferno (Robert Langdon, #4)"
240,241,Number the Stars
241,242,"Along Came a Spider (Alex Cross, #1)"
242,243,Misery
243,244,Sharp Objects
244,245,Bridge to Terabithia
245,246,"Marked (House of Night, #1)"
246,247,The 7 Habits of Highly Effective People: Powerful Lessons in Personal Change
247,248,A Midsummer Night's Dream
248,249,Extremely Loud and Incredibly Close
249,250,Wonder
250,251,The Cat in the Hat
251,252,"Cinder (The Lunar Chronicles, #1)"
252,253,"The Cuckoo's Calling (Cormoran Strike, #1)"
253,254,"Shiver (The Wolves of Mercy Falls, #1)"
254,255,Atlas Shrugged
255,256,Three Cups of Tea: One Man's Mission to Promote Peace ... One School at a Time
256,257,Alice in Wonderland
257,258,"The Shadow of the Wind (The Cemetery of Forgotten Books,  #1)"
258,259,"The Scorch Trials (Maze Runner, #2)"
259,260,How to Win Friends and Influence People
260,261,Under the Tuscan Sun
261,262,Big Little Lies
262,263,Ella Enchanted
263,264,The Sun Also Rises
264,265,A Tree Grows in Brooklyn
265,266,"Kiss the Girls (Alex Cross, #2)"
266,267,The Nightingale
267,268,Never Let Me Go
268,269,P.S. I Love You
269,270,Rebecca
270,271,Flowers for Algernon
271,272,Like Water for Chocolate
272,273,Snow Flower and the Secret Fan
273,274,The Godfather
274,275,An Abundance of Katherines
275,276,Foundation (Foundation #1)
276,277,The Ocean at the End of the Lane
277,278,A Light in the Attic
278,279,"Harry Potter and the Cursed Child - Parts One and Two (Harry Potter, #8)"
279,280,"Delirium (Delirium, #1)"
280,281,The Pelican Brief
281,282,Coraline
282,283,"Good Omens: The Nice and Accurate Prophecies of Agnes Nutter, Witch"
283,284,On the Road
284,285,"The Rosie Project (Don Tillman, #1)"
285,286,The Lucky One
286,287,The Fountainhead
287,288,"The Hunt for Red October (Jack Ryan Universe, #4)"
288,289,"Watership Down (Watership Down, #1)"
289,290,Is Everyone Hanging Out Without Me? (And Other Concerns)
290,291,Cutting for Stone
291,292,"The Voyage of the Dawn Treader (Chronicles of Narnia, #3)"
292,293,Treasure Island
293,294,"The Son of Neptune (The Heroes of Olympus, #2)"
294,295,11/22/1963
295,296,The Very Hungry Caterpillar Board Book
296,297,Cat's Cradle
297,298,The Time Machine
298,299,Heaven is for Real: A Little Boy's Astounding Story of His Trip to Heaven and Back
299,300,The Boy in the Striped Pajamas
300,301,Heart of Darkness
301,302,Safe Haven
302,303,"The Secret (The Secret, #1)"
303,304,I Know This Much Is True
304,305,Pet Sematary
305,306,She's Come Undone
306,307,"The Wise Man's Fear (The Kingkiller Chronicle, #2)"
307,308,Can You Keep a Secret?
308,309,"City of Fallen Angels (The Mortal Instruments, #4)"
309,310,"Good in Bed (Cannie Shapiro, #1)"
310,311,The Thorn Birds
311,312,The Graveyard Book
312,313,The Light Between Oceans
313,314,"Inkheart (Inkworld, #1)"
314,315,Who Moved My Cheese?
315,316,A Walk in the Woods
316,317,I Know Why the Caged Bird Sings
317,318,Orphan Train
318,319,"City of Lost Souls (The Mortal Instruments, #5)"
319,320,"Where'd You Go, Bernadette"
320,321,Where the Red Fern Grows
321,322,Neverwhere
322,323,The Unbearable Lightness of Being
323,324,Fangirl
324,325,A Prayer for Owen Meany
325,326,White Oleander
326,327,"Legend (Legend, #1)"
327,328,Nineteen Minutes
328,329,The Last Lecture
329,330,"The Eye of the World (Wheel of Time, #1)"
330,331,The Pact
331,332,"The Magician's Nephew (Chronicles of Narnia, #6)"
332,333,Still Alice
333,334,"Reflected in You (Crossfire, #2)"
334,335,James and the Giant Peach
335,336,"1st to Die (Women's Murder Club, #1)"
336,337,The Ultimate Hitchhiker's Guide to the Galaxy
337,338,One Day
338,339,Goodnight Moon
339,340,"I Am Number Four (Lorien Legacies, #1)"
340,341,The Iliad
341,342,The Casual Vacancy
342,343,The Runaway Jury
343,344,Naked
344,345,"Eldest (The Inheritance Cycle, #2)"
345,346,"The Wonderful Wizard of Oz (Oz, #1)"
346,347,"Prince Caspian (Chronicles of Narnia, #2)"
347,348,We Were Liars
348,349,'Salem's Lot
349,350,Fear and Loathing in Las Vegas
350,351,"Clockwork Prince (The Infernal Devices, #2)"
351,352,Yes Please
352,353,Othello
353,354,Beloved
354,355,"Graceling (Graceling Realm, #1)"
355,356,"The Bad Beginning (A Series of Unfortunate Events, #1)"
356,357,All Quiet on the Western Front
357,358,"Oh, The Places You'll Go!"
358,359,And the Mountains Echoed
359,360,Do Androids Dream of Electric Sheep?
360,361,Oliver Twist
361,362,The Screwtape Letters
362,363,"Anna and the French Kiss (Anna and the French Kiss, #1)"
363,364,How the Grinch Stole Christmas!
364,365,V for Vendetta
365,366,John Adams
366,367,"Odd Thomas (Odd Thomas, #1)"
367,368,"The Subtle Knife (His Dark Materials, #2)"
368,369,"Stargirl (Stargirl, #1)"
369,370,"The Red Pyramid (Kane Chronicles, #1)"
370,371,Stranger in a Strange Land
371,372,Dress Your Family in Corduroy and Denim
